"","Duration","mean_competitive"
"1",1,0.529411764705882
"2",3,0.404411764705882
"3",5,0.701388888888889
"4",7,0.477638640429338
"5",10,0.53804347826087
