"","currency","mean_competitive"
"1","EUR",0.531847133757962
"2","GBP",0.674698795180723
"3","US",0.519695044472681
